School ID,Network,Educational Unit Name,Total,Bilingual N,Bilingual %,SpED N,SpED %,"Free/Reduced
 Lunch N","Free/Reduced
 Lunch %"
610229,Network 6,A.N. Pritzker School,699,53,7.58%,68,9.73%,390,55.79%
610038,Network 4,Abraham Lincoln Elementary School,808,45,5.57%,47,5.82%,103,12.75%
400009,Charter,Academy for Global Citizenship Elementary School,350,68,19.43%,42,12.00%,279,79.71%
610281,Network 12,Adam Clayton Powell Paideia Community Academy ES,564,15,2.66%,66,11.70%,540,95.74%
610185,Network 10,Adlai E Stevenson Elementary School,"1,264",456,36.08%,170,13.45%,"1,194",94.46%
609993,Network 8,Agustin Lara Elementary Academy,540,234,43.33%,44,8.15%,534,98.89%
610513,Military,Air Force Academy High School,369,7,1.90%,34,9.21%,327,88.62%
610334,OS4,Al Raby High School,513,8,1.56%,124,24.17%,390,76.02%
400011,Charter,Alain Locke Charter Elementary Academy,570,0,0.00%,29,5.09%,531,93.16%
610212,Network 1,Albany Park Multicultural Academy,280,45,16.07%,33,11.79%,270,96.43%
609720,Network 4,Albert G Lane Technical High School,"4,120",25,0.61%,163,3.96%,"2,413",58.57%
610342,Network 5,Albert R Sabin Elementary Magnet School,626,111,17.73%,70,11.18%,568,90.73%
610524,Network 4,Alcott High School for the Humanities,281,12,4.27%,86,30.60%,227,80.78%
610209,Network 1,Alessandro Volta Elementary School,"1,034",547,52.90%,95,9.19%,972,94.00%
609808,Network 13,Alex Haley Elementary Academy,651,4,0.61%,69,10.60%,639,98.16%
609799,Network 4,Alexander Graham Bell Elementary School,"1,048",43,4.10%,116,11.07%,158,15.08%
609947,Network 6,Alexander Graham Elementary School,476,54,11.34%,52,10.92%,451,94.75%
609963,Network 4,Alexander Hamilton Elementary School,381,26,6.82%,50,13.12%,134,35.17%
610098,Network 5,Alfred Nobel Elementary School,842,306,36.34%,78,9.26%,833,98.93%
609788,OS4,Alice L Barnard Computer Math & Science Ctr ES,301,0,0.00%,33,10.96%,239,79.40%
400012,Charter,Amandla Charter High School,354,2,0.56%,67,18.93%,338,95.48%
610131,Network 5,Ambrose Plamondon Elementary School,163,39,23.93%,22,13.50%,162,99.39%
610316,Network 12,Amelia Earhart Options for Knowledge ES,263,0,0.00%,22,8.37%,197,74.90%
609780,Network 4,Ames Middle School,542,116,21.40%,58,10.70%,533,98.34%
610339,AUSL,Amos Alonzo Stagg Elementary School,589,1,0.17%,86,14.60%,578,98.13%
609837,OS4,Andrew Carnegie Elementary School,669,1,0.15%,42,6.28%,569,85.05%
610060,Network 6,Andrew Jackson Elementary Language Academy,567,23,4.06%,32,5.64%,224,39.51%
609869,Network 11,Anna R. Langford Community Academy,444,0,0.00%,43,9.68%,441,99.32%
610084,Network 10,Annie Keller Elementary Gifted Magnet School,248,1,0.40%,15,6.05%,42,16.94%
400010,Charter,"Architecture, Construction, and Engineering(ACE)T",481,15,3.12%,89,18.50%,471,97.92%
609951,Network 9,Ariel Elementary Community Academy,565,0,0.00%,60,10.62%,453,80.18%
610171,Network 12,Arnold Mireles Elementary Academy,744,214,28.76%,78,10.48%,728,97.85%
610037,Network 11,Arthur A Libby Elementary School,510,47,9.22%,80,15.69%,504,98.82%
609887,Network 12,Arthur Dixon Elementary School,661,1,0.15%,63,9.53%,583,88.20%
609836,Network 1,Arthur E Canty Elementary School,812,104,12.81%,85,10.47%,387,47.66%
610268,OS4,Arthur R Ashe Elementary School,392,0,0.00%,46,11.73%,372,94.90%
609941,Network 11,Asa Philip Randolph Elementary School,500,4,0.80%,58,11.60%,495,99.00%
610287,Network 10,Ashburn Community Elementary School,475,39,8.21%,80,16.84%,418,88.00%
400060,Charter,Asian Human Services - Passages Charter School,440,124,28.18%,37,8.41%,383,87.05%
400013,Charter,ASPIRA Charter - Early College,568,106,18.66%,103,18.13%,539,94.89%
400017,Charter,ASPIRA Charter - Haugan Campus,565,117,20.71%,66,11.68%,548,96.99%
400015,Charter,ASPIRA Charter - Mirta Ramirez Computer Science,166,29,17.47%,40,24.10%,166,100.00%
609820,Network 4,Augustus H Burley Elementary School,550,26,4.73%,79,14.36%,114,20.73%
400018,Network 3,Austin Business and Entrepreneurship Academy HS,186,0,0.00%,42,22.58%,178,95.70%
610501,Network 3,Austin Polytechnical Academy High School,196,0,0.00%,47,23.98%,193,98.47%
609786,Network 12,Avalon Park Elementary School,308,0,0.00%,22,7.14%,303,98.38%
610563,Network 8,Back of the Yards IB HS,281,66,23.49%,31,11.03%,279,99.29%
610555,Options,Banner Academy West,296,1,0.34%,55,18.58%,281,94.93%
609871,Network 10,Barbara Vick Early Childhood & Family Center,348,94,27.01%,127,36.49%,175,50.29%
609922,Network 3,Belmont-Cragin Elementary School,587,396,67.46%,74,12.61%,553,94.21%
609764,OS4,Benito Juarez Community Academy High School,"1,684",222,13.18%,235,13.95%,"1,625",96.50%
610290,Network 11,Benjamin E Mays Elementary Academy,606,1,0.17%,66,10.89%,585,96.53%
610076,Network 5,Bernhard Moos Elementary School,500,158,31.60%,55,11.00%,486,97.20%
400072,Charter,Betty Shabazz Intl Charter,324,1,0.31%,29,8.95%,287,88.58%
400074,Charter,Betty Shabazz Intl Charter - Barbara A Sizemore,286,1,0.35%,26,9.09%,271,94.76%
400073,Charter,Betty Shabazz Intl Charter - DuSable Leadership,234,0,0.00%,42,17.95%,223,95.30%
610175,Network 9,Beulah Shoesmith Elementary School,343,1,0.29%,43,12.54%,282,82.22%
610087,Network 10,Blair Early Childhood Center,192,83,43.23%,166,86.46%,142,73.96%
610323,OS4,Bowen High School,464,29,6.25%,119,25.65%,440,94.83%
609969,Network 9,Bret Harte Elementary School,363,14,3.86%,64,17.63%,284,78.24%
610106,AUSL,Brian Piccolo Elementary Specialty School,544,80,14.71%,66,12.13%,535,98.35%
610317,Network 8,Brighton Park Elementary School,593,232,39.12%,58,9.78%,585,98.65%
400019,Charter,Bronzeville Lighthouse Charter Elementary School,488,1,0.20%,58,11.89%,438,89.75%
610381,OS4,Bronzeville Scholastic Academy High School,516,4,0.78%,55,10.66%,472,91.47%
609821,Network 13,Burnham Elementary Inclusive Academy,581,9,1.55%,56,9.64%,545,93.80%
609827,Network 12,Burnside Elementary Scholastic Academy,679,2,0.29%,82,12.08%,580,85.42%
610353,Network 8,Calmeca Academy of Fine Arts and Dual Language,811,425,52.40%,88,10.85%,786,96.92%
610572,Options,Camelot Safe Academy Elementary,21,0,0.00%,0,0.00%,21,100.00%
610573,Options,Camelot Safe Academy High School,16,1,6.25%,1,6.25%,16,100.00%
609729,Network 1,Carl Schurz High School,"2,379",318,13.37%,410,17.23%,"2,269",95.38%
610039,Network 4,Carl von Linne Elementary School,677,218,32.20%,87,12.85%,639,94.39%
610238,Network 11,Carrie Jacobs Bond Elementary School,420,1,0.24%,79,18.81%,414,98.57%
609839,Network 10,Carroll-Rosenwald Specialty Elementary School,533,1,0.19%,76,14.26%,482,90.43%
610345,Network 9,Carter G Woodson South Elementary School,378,5,1.32%,55,14.55%,311,82.28%
400020,Charter,Catalyst Charter ES - Howland,472,1,0.21%,50,10.59%,468,99.15%
400021,Charter,Catalyst Elementary School - Circle Rock,521,0,0.00%,45,8.64%,496,95.20%
400115,Charter,Catalyst-Maria Charter School,832,95,11.42%,112,13.46%,784,94.23%
610148,Network 8,Cesar E Chavez Multicultural Academic Center ES,947,477,50.37%,96,10.14%,930,98.20%
609679,Network 3,Charles Allen Prosser Career Academy High School,"1,514",63,4.16%,159,10.50%,"1,411",93.20%
610005,Network 5,Charles Evans Hughes Elementary School,329,3,0.91%,32,9.73%,326,99.09%
609966,OS4,Charles G Hammond Elementary School,515,241,46.80%,75,14.56%,503,97.67%
609879,Network 10,Charles Gates Dawes Elementary School,"1,028",191,18.58%,135,13.13%,994,96.69%
610366,Network 11,Charles H Wacker Elementary School,245,1,0.41%,32,13.06%,221,90.20%
610030,Network 9,Charles Kozminski Elementary Community Academy,394,1,0.25%,39,9.90%,349,88.58%
609996,Network 6,Charles N Holden Elementary School,528,124,23.48%,60,11.36%,504,95.45%
609833,Network 12,Charles P Caldwell Academy of Math & Science ES,283,0,0.00%,38,13.43%,273,96.47%
609732,Network 3,Charles P Steinmetz College Preparatory HS,"1,809",209,11.55%,264,14.59%,"1,689",93.37%
609875,Network 4,Charles R Darwin Elementary School,593,235,39.63%,90,15.18%,547,92.24%
609986,Network 11,Charles R Henderson Elementary School,370,4,1.08%,42,11.35%,364,98.38%
609813,Network 12,Charles S Brownell Elementary School,261,0,0.00%,21,8.05%,260,99.62%
609883,AUSL,Charles S Deneen Elementary School,619,1,0.16%,94,15.19%,613,99.03%
610194,Network 5,Charles Sumner  Math & Science Community Acad ES,417,0,0.00%,34,8.15%,406,97.36%
609897,Network 11,Charles W Earle Elementary School,530,1,0.19%,65,12.26%,515,97.17%
610248,AUSL,Chicago Academy Elementary School,600,156,26.00%,63,10.50%,448,74.67%
610340,AUSL,Chicago Academy High School,518,27,5.21%,90,17.37%,440,84.94%
400161,Charter,Chicago Charter Collegiate HS,115,2,1.74%,16,13.91%,106,92.17%
400147,Contract,Chicago Excel Academy,375,0,0.00%,56,14.93%,363,96.80%
609753,Network 10,Chicago High School for Agricultural Sciences,651,11,1.69%,115,17.67%,348,53.46%
400022,Contract,Chicago High School for the Arts,575,1,0.17%,48,8.35%,276,48.00%
400023,Charter,Chicago Intl Charter - Avalon / South Shore,418,0,0.00%,37,8.85%,391,93.54%
400024,Charter,Chicago Intl Charter - Basil,704,30,4.26%,74,10.51%,674,95.74%
400025,Charter,Chicago Intl Charter - Bucktown,674,97,14.39%,79,11.72%,552,81.90%
400113,Charter,Chicago Intl Charter - Chicago Quest North,379,6,1.58%,73,19.26%,314,82.85%
400027,Charter,Chicago Intl Charter - Irving Park,534,57,10.67%,48,8.99%,339,63.48%
400108,Charter,Chicago Intl Charter - Larry Hawkins,348,0,0.00%,59,16.95%,337,96.84%
400092,Charter,Chicago Intl Charter - Lloyd Bond,348,1,0.29%,43,12.36%,345,99.14%
400033,Charter,Chicago Intl Charter - Longwood,"1,283",1,0.08%,190,14.81%,"1,146",89.32%
400026,Charter,Chicago Intl Charter - Loomis Primary,578,1,0.17%,50,8.65%,515,89.10%
400034,Charter,Chicago Intl Charter - Northtown,886,53,5.98%,176,19.86%,685,77.31%
400028,Charter,Chicago Intl Charter - Prairie,406,94,23.15%,50,12.32%,397,97.78%
400032,Charter,Chicago Intl Charter - Ralph Ellison,481,1,0.21%,72,14.97%,424,88.15%
400029,Charter,Chicago Intl Charter - Washington Park,442,0,0.00%,34,7.69%,426,96.38%
400030,Charter,Chicago Intl Charter - West Belden,500,163,32.60%,82,16.40%,476,95.20%
400031,Charter,Chicago Intl Charter - Wrightwood,731,1,0.14%,69,9.44%,635,86.87%
400035,Charter,Chicago Math and Science Academy High School,606,90,14.85%,69,11.39%,572,94.39%
609754,Military,Chicago Military Academy High School,405,7,1.73%,35,8.64%,358,88.40%
400093,Charter,Chicago Talent Development HS,183,1,0.55%,47,25.68%,179,97.81%
400091,Contract,Chicago Technology Academy High School,387,11,2.84%,77,19.90%,357,92.25%
400036,Charter,Chicago Virtual Charter High School,690,17,2.46%,75,10.87%,425,61.59%
609674,OS4,Chicago Vocational Career Academy High School,990,12,1.21%,233,23.54%,968,97.78%
609899,Network 1,Christian Ebinger Elementary School,732,38,5.19%,100,13.66%,127,17.35%
609705,Network 13,Christian Fenger Academy High School,421,1,0.24%,82,19.48%,413,98.10%
400159,Charter,Christopher Charter House ES,95,23,24.21%,8,8.42%,82,86.32%
609863,Network 5,Christopher Columbus Elementary School,294,75,25.51%,15,5.10%,223,75.85%
609790,Network 11,Clara Barton Elementary School,591,0,0.00%,73,12.35%,476,80.54%
610347,Network 10,Claremont Academy Elementary School,477,17,3.56%,85,17.82%,471,98.74%
610499,AUSL,Collins Academy High School,384,2,0.52%,71,18.49%,374,97.40%
610170,Network 8,Columbia Explorers Elementary Academy,"1,083",432,39.89%,88,8.13%,"1,061",97.97%
400038,Contract,Community Services West Academy,156,0,0.00%,16,10.26%,108,69.23%
609748,Options,Consuella B York Alternative High School,342,5,1.46%,88,25.73%,286,83.63%
610004,Network 13,Countee Cullen Elementary School,261,0,0.00%,28,10.73%,253,96.93%
609781,Network 9,Crispus Attucks Elementary School,168,0,0.00%,22,13.10%,168,100.00%
609873,OS4,Crown Community Academy of Fine Arts Center ES,349,4,1.15%,49,14.04%,337,96.56%
610063,Network 7,Cyrus H McCormick Elementary School,875,442,50.51%,68,7.77%,861,98.40%
609804,Network 2,Daniel Boone Elementary School,805,313,38.88%,85,10.56%,740,91.93%
610083,Network 1,Daniel C Beard Elementary School,169,79,46.75%,145,85.80%,103,60.95%
610380,Network 9,Daniel Hale Williams Prep School of Medicine,300,0,0.00%,17,5.67%,263,87.67%
609870,Network 7,Daniel J Corkery Elementary School,607,245,40.36%,67,11.04%,587,96.71%
609835,Network 5,Daniel R Cameron Elementary School,811,204,25.15%,86,10.60%,804,99.14%
610223,Network 11,Daniel S Wentworth Elementary School,611,2,0.33%,90,14.73%,601,98.36%
610221,Network 5,Daniel Webster Elementary School,337,0,0.00%,34,10.09%,334,99.11%
609704,Network 7,David G Farragut Career Academy High School,"1,100",273,24.82%,218,19.82%,"1,086",98.73%
610402,Network 4,DeVry University Advantage Academy HS,192,1,0.52%,5,2.60%,141,73.44%
609885,AUSL,Dewey Elementary Academy of Fine Arts,360,3,0.83%,45,12.50%,357,99.17%
609859,Network 2,DeWitt Clinton Elementary School,"1,147",493,42.98%,75,6.54%,"1,042",90.85%
610564,Network 1,Disney II Magnet High School,247,7,2.83%,18,7.29%,154,62.35%
610515,Network 1,Disney II Magnet School,414,7,1.69%,35,8.45%,117,28.26%
610077,Network 10,Donald Morrill Math & Science Elementary School,816,280,34.31%,82,10.05%,614,75.25%
610198,Network 13,Douglas Taylor Elementary School,590,215,36.44%,65,11.02%,578,97.97%
609751,Network 9,Dr  Martin Luther King  Jr  College Prep HS,804,10,1.24%,76,9.45%,615,76.49%
610533,Network 3,Dr Jorge Prieto Math and Science,"1,051",357,33.97%,167,15.89%,"1,011",96.19%
610188,Network 13,Dunne Technology Academy,294,0,0.00%,32,10.88%,274,93.20%
610352,Network 10,Durkin Park Elementary School,592,212,35.81%,68,11.49%,536,90.54%
610254,Network 5,Dvorak Technology Academy,547,0,0.00%,72,13.16%,547,100.00%
609736,Network 9,Dyett High School,83,0,0.00%,23,27.71%,79,95.18%
610132,Network 13,Edgar Allan Poe Elementary Classical School,193,0,0.00%,8,4.15%,82,42.49%
609901,Network 1,Edgebrook Elementary School,504,5,0.99%,68,13.49%,58,11.51%
610523,Network 1,Edison Park Elementary School,470,28,5.96%,58,12.34%,55,11.70%
609819,OS4,Edmond Burke Elementary School,369,0,0.00%,35,9.49%,355,96.21%
609815,Network 12,Edward A Bouchet Math & Science Academy ES,686,10,1.46%,91,13.27%,682,99.42%
610246,Network 9,Edward Beasley Elementary Magnet Academic Center,"1,403",2,0.14%,58,4.13%,"1,115",79.47%
609862,Network 12,Edward Coles Elementary Language Academy,547,1,0.18%,52,9.51%,460,84.10%
609909,Network 8,Edward Everett Elementary School,256,108,42.19%,28,10.94%,242,94.53%
610012,Network 6,Edward Jenner Elementary Academy of the Arts,278,1,0.36%,60,21.58%,274,98.56%
609904,Network 3,Edward K Ellington Elementary School,735,8,1.09%,127,17.28%,721,98.10%
610006,Network 10,Edward N Hurley Elementary School,854,270,31.62%,88,10.30%,424,49.65%
609735,OS4,Edward Tilden Career Community Academy HS,345,9,2.61%,89,25.80%,337,97.68%
610315,Network 13,Edward White Elementary Career Academy,183,0,0.00%,24,13.11%,180,98.36%
609708,Network 1,Edwin G Foreman High School,"1,507",263,17.45%,240,15.93%,"1,417",94.03%
610227,Network 7,Eli Whitney Elementary School,"1,097",576,52.51%,87,7.93%,"1,080",98.45%
609852,Network 2,Eliza Chappell Elementary School,551,198,35.93%,114,20.69%,444,80.58%
610195,Network 10,Elizabeth H Sutherland Elementary School,737,2,0.27%,91,12.35%,186,25.24%
610235,Network 3,Ella Flagg Young Elementary School,"1,085",48,4.42%,133,12.26%,"1,063",97.97%
609682,OS4,Ellen H Richards Career Academy High School,385,57,14.81%,90,23.38%,379,98.44%
610073,Network 5,Ellen Mitchell Elementary School,362,73,20.17%,49,13.54%,256,70.72%
609712,Network 12,Emil G Hirsch Metropolitan High School,273,1,0.37%,78,28.57%,265,97.07%
609973,Network 7,Emiliano Zapata Elementary Academy,967,468,48.40%,104,10.75%,944,97.62%
610065,Network 9,Emmett Louis Till Math and Science Academy,421,0,0.00%,68,16.15%,419,99.52%
610203,Network 8,Enrico Tonti Elementary School,"1,084",376,34.69%,85,7.84%,"1,044",96.31%
400094,Charter,EPIC Academy High School,493,37,7.51%,95,19.27%,470,95.33%
610543,AUSL,Eric Solorio Academy High School,"1,068",139,13.01%,143,13.39%,"1,023",95.79%
400039,Charter,Erie Elementary Charter School,425,122,28.71%,64,15.06%,380,89.41%
610137,Network 1,Ernst Prussing Elementary School,687,211,30.71%,78,11.35%,544,79.18%
609908,OS4,Esmond Elementary School,356,0,0.00%,48,13.48%,345,96.91%
609918,Network 2,Eugene Field Elementary School,390,95,24.36%,54,13.85%,367,94.10%
609874,Network 1,Everett McKinley Dirksen Elementary School,807,352,43.62%,94,11.65%,615,76.21%
610319,Network 8,Evergreen Academy Middle School,388,54,13.92%,54,13.92%,366,94.33%
610565,Options,Excel Academy of Englewood,259,0,0.00%,55,21.24%,243,93.82%
610057,Network 10,Fairfield Elementary Academy,575,239,41.57%,51,8.87%,573,99.65%
610541,Network 4,Federico Garcia Lorca Elementary School,905,399,44.09%,116,12.82%,878,97.02%
610120,Network 8,Ferdinand Peck Elementary School,"1,608",775,48.20%,127,7.90%,"1,557",96.83%
609917,Network 13,Fernwood Elementary School,311,0,0.00%,36,11.58%,303,97.43%
610096,Network 8,Florence Nightingale Elementary School,"1,389",753,54.21%,154,11.09%,"1,360",97.91%
609924,Network 11,Fort Dearborn Elementary School,416,0,0.00%,45,10.82%,401,96.39%
609927,Network 11,Foster Park Elementary School,395,1,0.25%,85,21.52%,365,92.41%
610067,Network 10,Francis M McKay Elementary School,884,53,6.00%,104,11.76%,872,98.64%
610112,Network 11,Francis W Parker Elementary Community Academy,791,0,0.00%,66,8.34%,788,99.62%
610215,Network 7,Francisco I Madero Middle School,316,55,17.41%,40,12.66%,314,99.37%
609800,Network 13,Frank I Bennett Elementary School,419,0,0.00%,44,10.50%,401,95.70%
609939,Network 12,Frank L Gillespie Elementary School,601,4,0.67%,92,15.31%,569,94.68%
609958,Network 8,Frank W Gunsaulus Elementary Scholastic Academy,862,249,28.89%,67,7.77%,711,82.48%
610144,Network 4,Frank W Reilly Elementary School,"1,150",544,47.30%,124,10.78%,"1,107",96.26%
609926,Network 4,Franklin Elementary Fine Arts Center,371,12,3.23%,46,12.40%,152,40.97%
610165,Network 3,Franz Peter Schubert Elementary School,967,628,64.94%,66,6.83%,936,96.79%
400040,Charter,Frazier Preparatory Academy Elementary School,456,0,0.00%,21,4.61%,413,90.57%
610503,Network 5,Frazier Prospective IB Magnet ES,265,0,0.00%,27,10.19%,241,90.94%
609854,Network 5,Frederic Chopin Elementary School,594,126,21.21%,117,19.70%,562,94.61%
610245,Network 3,Frederick A Douglass Academy High School,291,1,0.34%,67,23.02%,209,71.82%
609930,Network 4,Frederick Funston Elementary School,591,219,37.06%,87,14.72%,575,97.29%
610163,Network 1,Frederick Stock Elementary School,241,54,22.41%,101,41.91%,67,27.80%
610010,Network 4,Friedrich Ludwig Jahn Elementary School,469,88,18.76%,62,13.22%,363,77.40%
609737,Network 1,Friedrich W von Steuben Metropolitan Science HS,"1,666",24,1.44%,152,9.12%,"1,315",78.93%
609709,Network 8,Gage Park High School,613,76,12.40%,122,19.90%,602,98.21%
400041,Charter,Galapagos Elementary Charter School,346,2,0.58%,24,6.94%,332,95.95%
610009,Network 6,Galileo Math & Science Scholastic Academy ES,559,49,8.77%,51,9.12%,401,71.74%
610293,Network 5,Genevieve Melody Elementary School,618,1,0.16%,62,10.03%,609,98.54%
609779,Network 2,George Armstrong International Studies ES,"1,444",399,27.63%,170,11.77%,"1,344",93.07%
610062,Network 6,George B McClellan Elementary School,293,41,13.99%,75,25.60%,276,94.20%
610196,Network 2,George B Swift Elementary Specialty School,696,308,44.25%,66,9.48%,622,89.37%
609849,Network 10,George F Cassell Elementary School,367,14,3.81%,68,18.53%,94,25.61%
609761,Network 13,George H Corliss High School,497,7,1.41%,130,26.16%,479,96.38%
610305,Network 3,George Leland Elementary School,673,1,0.15%,87,12.93%,627,93.16%
610139,Network 13,George M Pullman Elementary School,254,20,7.87%,25,9.84%,243,95.67%
610048,OS4,George Manierre Elementary School,359,0,0.00%,57,15.88%,355,98.89%
609795,Network 3,George Rogers Clark Elementary School,279,35,12.54%,41,14.70%,264,94.62%
609900,AUSL,George W Curtis Elementary School,626,13,2.08%,71,11.34%,617,98.56%
610202,Network 5,George W Tilton Elementary School,448,0,0.00%,45,10.04%,442,98.66%
609760,Military,George Washington Carver Military Academy HS,529,13,2.46%,46,8.70%,506,95.65%
609845,OS4,George Washington Carver Primary School,507,0,0.00%,52,10.26%,505,99.61%
610219,Network 13,George Washington Elementary School,835,87,10.42%,76,9.10%,656,78.56%
609739,Network 13,George Washington High School,"1,563",117,7.49%,216,13.82%,"1,409",90.15%
609693,Network 5,George Westinghouse College Prep,"1,125",21,1.87%,71,6.31%,942,83.73%
609920,Network 7,Gerald Delgado Kanoon Elementary Magnet School,747,383,51.27%,91,12.18%,744,99.60%
610383,Network 7,Greater Lawndale High School For Social Justice,356,54,15.17%,44,12.36%,343,96.35%
609857,Network 1,Grover Cleveland Elementary School,689,260,37.74%,123,17.85%,620,89.99%
609741,Network 10,Gurdon S Hubbard High School,"1,615",184,11.39%,191,11.83%,"1,595",98.76%
609726,Network 13,Gwendolyn Brooks College Preparatory Academy HS,783,1,0.13%,41,5.24%,591,75.48%
610182,Network 1,Hannah G Solomon Elementary School,357,100,28.01%,75,21.01%,211,59.10%
610068,Network 3,Hanson Park Elementary School,"1,612",655,40.63%,287,17.80%,"1,576",97.77%
610124,Network 12,Harold Washington Elementary School,503,0,0.00%,68,13.52%,484,96.22%
610192,Network 5,Harriet Beecher Stowe Elementary School,794,335,42.19%,123,15.49%,774,97.48%
610158,Network 3,Harriet E Sayre Elementary Language Academy,571,71,12.43%,57,9.98%,447,78.28%
609974,Network 4,Hawthorne Elementary Scholastic Academy,574,14,2.44%,58,10.10%,112,19.51%
609985,Network 5,Helen M Hefferan Elementary School,427,0,0.00%,49,11.48%,407,95.32%
610122,Network 2,Helen Peirce International Studies ES,"1,041",204,19.60%,88,8.45%,746,71.66%
609972,Network 1,Helge A Haugan Elementary School,"1,207",727,60.23%,144,11.93%,"1,171",97.02%
609856,Network 13,Henry Clay Elementary School,568,167,29.40%,58,10.21%,542,95.42%
610040,Network 3,Henry D Lloyd Elementary School,"1,268",792,62.46%,142,11.20%,"1,217",95.98%
400042,Charter,Henry Ford Academy Power House Charter HS,179,1,0.56%,31,17.32%,176,98.32%
610092,Network 3,Henry H Nash Elementary School,403,2,0.50%,42,10.42%,399,99.01%
610279,Network 12,Henry O Tanner Elementary School,404,0,0.00%,69,17.08%,345,85.40%
609861,Network 10,Henry R Clissold Elementary School,560,5,0.89%,81,14.46%,235,41.96%
610297,Network 12,High School of Leadership at South Shore,134,0,0.00%,25,18.66%,133,99.25%
609798,Network 1,Hiram H Belding Elementary School,606,140,23.10%,59,9.74%,436,71.95%
609768,Network 11,Hope College Preparatory High School,391,9,2.30%,87,22.25%,386,98.72%
400043,Contract,Hope Institute Learning Academy,398,17,4.27%,85,21.36%,332,83.42%
609850,Network 4,Horace Greeley Elementary School,637,146,22.92%,70,10.99%,547,85.87%
610052,Network 12,Horace Mann Elementary School,423,2,0.47%,73,17.26%,409,96.69%
609713,Network 9,Hyde Park Academy High School,"1,001",2,0.20%,159,15.88%,955,95.40%
610390,Military,Hyman G Rickover Naval Academy High School,507,5,0.99%,42,8.28%,432,85.21%
610110,Network 9,Ida B Wells Preparatory Elementary Academy,490,2,0.41%,38,7.76%,442,90.20%
610384,Network 7,Infinity Math Science and Technology High School,411,33,8.03%,42,10.22%,394,95.86%
400164,Charter,Instituto Charter Rudy Lozano - RLLAM,81,6,7.41%,11,13.58%,78,96.30%
400104,Charter,Instituto Health Sciences Career Academy HS,762,89,11.68%,108,14.17%,735,96.46%
400148,Charter,Instituto Justice and Leadership Acad Charter HS,165,16,9.70%,26,15.76%,156,94.55%
610078,Network 4,Inter-American Elementary Magnet School,667,115,17.24%,43,6.45%,339,50.82%
400162,Charter,Intrinsic Charter HS,184,11,5.98%,29,15.76%,156,84.78%
609848,OS4,Ira F Aldridge Elementary School,252,0,0.00%,18,7.14%,250,99.21%
610532,Network 8,Irene C. Hernandez Middle School for the Advancem,916,175,19.10%,78,8.52%,901,98.36%
610125,Network 7,Irma C Ruiz Elementary School,897,300,33.44%,83,9.25%,859,95.76%
610276,Network 9,Irvin C Mollison Elementary School,505,2,0.40%,49,9.70%,375,74.26%
610103,AUSL,Isabelle C O'Keeffe Elementary School,588,0,0.00%,59,10.03%,573,97.45%
610256,OS4,Jackie Robinson Elementary School,135,2,1.48%,4,2.96%,130,96.30%
609797,OS4,Jacob Beidler Elementary School,463,1,0.22%,58,12.53%,460,99.35%
609766,Network 1,Jacqueline B Vaughn Occupational High School,214,78,36.45%,214,100.00%,176,82.24%
609912,Network 1,James B Farnsworth Elementary School,597,159,26.63%,137,22.95%,361,60.47%
610070,Network 2,James B McPherson Elementary School,827,188,22.73%,183,22.13%,747,90.33%
610066,Network 12,James E McDade Elementary Classical School,189,1,0.53%,5,2.65%,75,39.68%
609803,Network 4,James G Blaine Elementary School,943,53,5.62%,80,8.48%,141,14.95%
609983,Network 8,James Hedges Elementary School,850,493,58.00%,96,11.29%,833,98.00%
610047,Network 12,James Madison Elementary School,233,0,0.00%,31,13.30%,230,98.71%
610074,Network 4,James Monroe Elementary School,"1,053",370,35.14%,97,9.21%,"1,027",97.53%
610200,Network 12,James N Thorp Elementary School,413,48,11.62%,107,25.91%,410,99.27%
610107,Network 6,James Otis Elementary School,635,199,31.34%,134,21.10%,608,95.75%
609891,Network 9,James R Doolittle Jr Elementary School,304,1,0.33%,34,11.18%,296,97.37%
610044,Network 5,James Russell Lowell Elementary School,644,156,24.22%,149,23.14%,619,96.12%
610174,Network 8,James Shields Elementary School,"1,051",487,46.34%,87,8.28%,"1,044",99.33%
610559,Network 8,James Shields Middle School,717,131,18.27%,113,15.76%,706,98.47%
610213,Network 9,James Wadsworth Elementary School,522,0,0.00%,62,11.88%,486,93.10%
610217,Network 6,James Ward Elementary School,519,162,31.21%,49,9.44%,443,85.36%
610274,AUSL,James Weldon Johnson Elementary School,435,0,0.00%,44,10.11%,427,98.16%
610093,Network 12,Jane A Neil Elementary School,346,5,1.45%,142,41.04%,310,89.60%
609772,Network 13,Jane Addams Elementary School,866,224,25.87%,62,7.16%,795,91.80%
609796,Network 1,Jean Baptiste Beaubien Elementary School,"1,166",180,15.44%,95,8.15%,629,53.95%
610271,Network 5,Jensen Elementary Scholastic Academy,503,4,0.80%,57,11.33%,414,82.31%
610173,Network 11,Jesse Sherwood Elementary School,407,1,0.25%,77,18.92%,403,99.02%
609942,Network 4,Johann W von Goethe Elementary School,807,197,24.41%,81,10.04%,655,81.16%
610216,Network 7,John A Walsh Elementary School,450,123,27.33%,77,17.11%,415,92.22%
609894,Network 9,John B Drake Elementary School,517,4,0.77%,90,17.41%,477,92.26%
610089,Network 1,John B Murphy Elementary School,606,207,34.16%,87,14.36%,493,81.35%
609789,Network 4,John Barry Elementary School,831,357,42.96%,76,9.15%,802,96.51%
609829,Network 8,John C Burroughs Elementary School,519,180,34.68%,51,9.83%,497,95.76%
609866,Network 2,John C Coonley Elementary School,732,69,9.43%,101,13.80%,214,29.23%
609893,Network 10,John C Dore Elementary School,646,109,16.87%,109,16.87%,378,58.51%
609959,Network 6,John Charles Haines Elementary School,672,184,27.38%,34,5.06%,630,93.75%
610176,Network 13,John D Shoop Math-Science Technical Academy ES,502,0,0.00%,45,8.96%,463,92.23%
609898,Network 10,John F Eberhart Elementary School,"1,591",636,39.97%,132,8.30%,"1,556",97.80%
609718,Network 10,John F Kennedy High School,"1,506",105,6.97%,291,19.32%,"1,296",86.06%
609919,Network 9,John Fiske Elementary School,507,0,0.00%,47,9.27%,505,99.61%
610263,AUSL,John Foster Dulles Elementary School,788,0,0.00%,92,11.68%,785,99.62%
610228,Network 7,John Greenleaf Whittier Elementary School,348,246,70.69%,47,13.51%,343,98.56%
609964,Network 8,John H Hamline Elementary School,681,365,53.60%,72,10.57%,668,98.09%
610026,Network 10,John H Kinzie Elementary School,684,111,16.23%,163,23.83%,461,67.40%
610207,Network 10,John H Vanderpoel Elementary Magnet School,298,0,0.00%,22,7.38%,199,66.78%
609694,OS4,John Hancock College Preparatory High School,928,86,9.27%,108,11.64%,893,96.23%
609971,AUSL,John Harvard Elementary School of Excellence,501,0,0.00%,74,14.77%,493,98.40%
609975,Network 3,John Hay Elementary Community Academy,541,11,2.03%,55,10.17%,531,98.15%
609782,Network 4,John J Audubon Elementary School,591,30,5.08%,44,7.45%,183,30.96%
610126,Network 9,John J Pershing Elementary Humanities Magnet,447,6,1.34%,53,11.86%,335,74.94%
610054,Network 13,John L Marsh Elementary School,882,253,28.68%,113,12.81%,814,92.29%
609710,Network 12,John M Harlan Community Academy High School,918,1,0.11%,178,19.39%,825,89.87%
610180,OS4,John M Smyth Elementary School,512,4,0.78%,88,17.19%,501,97.85%
609723,Network 5,John Marshall Metropolitan High School,624,1,0.16%,164,26.28%,493,79.01%
609954,Network 5,John Milton Gregory Elementary School,435,0,0.00%,58,13.33%,428,98.39%
610111,Network 1,John Palmer Elementary School,906,288,31.79%,97,10.71%,768,84.77%
610184,Network 7,John Spry Elementary Community School,734,346,47.14%,83,11.31%,726,98.91%
610269,Network 2,John T McCutcheon Elementary School,502,165,32.87%,91,18.13%,498,99.20%
610130,Network 12,John T Pirie Fine Arts & Academic Center ES,394,3,0.76%,37,9.39%,357,90.61%
609864,Network 11,John W Cook Elementary School,437,0,0.00%,71,16.25%,435,99.54%
609937,Network 1,John W Garvy Elementary School,792,124,15.66%,111,14.02%,323,40.78%
610225,Network 13,John Whistler Elementary School,335,0,0.00%,44,13.13%,324,96.72%
610199,Network 13,Johnnie Colemon Elementary Academy,279,9,3.23%,33,11.83%,239,85.66%
609828,Network 6,Jonathan Burr Elementary School,388,20,5.15%,35,9.02%,170,43.81%
610159,Network 1,Jonathan Y Scammon Elementary School,872,352,40.37%,82,9.40%,828,94.95%
609865,Network 2,Jordan Elementary Community School,656,250,38.11%,82,12.50%,643,98.02%
610313,Network 5,Jose De Diego Elementary Community Academy,934,102,10.92%,119,12.74%,849,90.90%
609950,Network 7,Josefa Ortiz De Dominguez Elementary School,728,547,75.14%,78,10.71%,712,97.80%
610242,Network 2,Joseph Brennemann Elementary School,502,168,33.47%,108,21.51%,480,95.62%
609938,Network 7,Joseph E Gary Elementary School,"1,206",493,40.88%,159,13.18%,"1,187",98.42%
610015,Network 7,Joseph Jungman Elementary School,272,137,50.37%,47,17.28%,229,84.19%
609925,Network 5,Joseph Kellman Corporate Community ES,439,0,0.00%,28,6.38%,414,94.31%
610043,Network 3,Joseph Lovett Elementary School,469,13,2.77%,63,13.43%,443,94.46%
610218,Network 12,Joseph Warren Elementary School,343,1,0.29%,33,9.62%,324,94.46%
610041,Network 3,Josephine C Locke Elementary School,"1,389",456,32.83%,186,13.39%,"1,249",89.92%
610019,Network 11,Joshua D Kershaw Elementary School,277,0,0.00%,39,14.08%,261,94.22%
610129,Network 7,Josiah Pickard Elementary School,614,296,48.21%,83,13.52%,609,99.19%
610022,Network 2,Joyce Kilmer Elementary School,804,381,47.39%,130,16.17%,765,95.15%
610000,AUSL,Julia Ward Howe Elementary School of Excellence,646,0,0.00%,93,14.40%,632,97.83%
610016,Network 10,Kate S Kellogg Elementary School,265,0,0.00%,39,14.72%,125,47.17%
609716,OS4,Kelvyn Park High School,890,149,16.74%,155,17.42%,855,96.07%
609746,Network 9,Kenwood Academy High School,"1,814",16,0.88%,151,8.32%,"1,313",72.38%
400044,Charter,KIPP Ascend Academy Charter Elementary School,744,10,1.34%,76,10.22%,708,95.16%
400163,Charter,KIPP Charter Bloom,84,0,0.00%,10,11.90%,74,88.10%
400146,Charter,KIPP Charter Create,166,1,0.60%,17,10.24%,159,95.78%
400045,Charter,Kwame Nkrumah Academy Elementary School,217,0,0.00%,21,9.68%,178,82.03%
609719,Network 2,Lake View High School,"1,436",64,4.46%,177,12.33%,"1,260",87.74%
610368,Network 13,Langston Hughes Elementary School,606,0,0.00%,113,18.65%,588,97.03%
610033,Network 4,LaSalle Elementary Language Academy,555,34,6.13%,63,11.35%,138,24.86%
610520,Network 6,LaSalle II Magnet Elementary School,623,59,9.47%,91,14.61%,327,52.49%
609910,Network 3,Laughlin Falconer Elementary School,"1,434",645,44.98%,158,11.02%,"1,383",96.44%
610133,Network 5,Laura S Ward Elementary School,674,5,0.74%,64,9.50%,669,99.26%
610034,OS4,Lawndale Elementary Community Academy,480,0,0.00%,47,9.79%,468,97.50%
610024,Network 7,Lazaro Cardenas Elementary School,713,328,46.00%,58,8.13%,704,98.74%
400107,Charter,LEARN  Charter School-South Chicago Campus,383,27,7.05%,39,10.18%,367,95.82%
400165,Charter,LEARN Charter - Middle School Campus,200,0,0.00%,31,15.50%,200,100.00%
400151,Charter,Learn Charter 7 ES,201,1,0.50%,9,4.48%,174,86.57%
400047,Charter,LEARN Charter ES - Charles and Dorothy Campbell,442,0,0.00%,41,9.28%,434,98.19%
400048,Charter,LEARN Charter ES - Excel,401,0,0.00%,37,9.23%,367,91.52%
400046,Charter,LEARN Charter ES - Romano Butler Campus,634,0,0.00%,36,5.68%,594,93.69%
400111,Charter,LEARN Charter School - Hunter Perkins,398,0,0.00%,35,8.79%,375,94.22%
400049,Charter,Legacy Charter Elementary School,496,2,0.40%,58,11.69%,466,93.95%
400119,Charter,Legal Prep Charter Academy,228,2,0.88%,33,14.47%,206,90.35%
609907,OS4,Leif Ericson Elementary Scholastic Academy,487,0,0.00%,24,4.93%,478,98.15%
610298,Network 11,Lenart Elementary Regional Gifted Center,303,2,0.66%,12,3.96%,96,31.68%
610036,AUSL,Leslie Lewis Elementary School,488,39,7.99%,53,10.86%,476,97.54%
609738,Network 4,Lincoln Park High School,"2,230",19,0.85%,165,7.40%,"1,199",53.77%
609807,Network 10,Lionel Hampton Fine & Performing Arts ES,614,135,21.99%,86,14.01%,584,95.11%
400137,Options,Little Black Pearl Art and Design Academy,148,0,0.00%,25,16.89%,133,89.86%
609834,Network 7,Little Village Elementary School,868,457,52.65%,76,8.76%,855,98.50%
610325,Network 4,Logandale Middle School,894,332,37.14%,87,9.73%,857,95.86%
609809,OS4,Lorenz Brentano Math & Science Academy ES,411,155,37.71%,62,15.09%,369,89.78%
609773,Network 4,Louis A Agassiz Elementary School,484,43,8.88%,102,21.07%,217,44.83%
610094,Network 4,Louis Nettelhorst Elementary School,797,87,10.92%,81,10.16%,215,26.98%
610117,Network 8,Louis Pasteur Elementary School,"1,222",445,36.42%,109,8.92%,"1,156",94.60%
609774,Network 4,Louisa May Alcott Elementary School,510,20,3.92%,47,9.22%,89,17.45%
610237,Network 9,Ludwig Van Beethoven Elementary School,395,1,0.25%,60,15.19%,387,97.97%
610108,Network 11,Luke O'Toole Elementary School,419,4,0.95%,42,10.02%,417,99.52%
609818,Network 3,Luther Burbank Elementary School,955,417,43.66%,116,12.15%,926,96.96%
609817,Network 2,Lyman A Budlong Elementary School,874,389,44.51%,63,7.21%,754,86.27%
610566,Options,Magic Johnson Bridgescape Academy North Lawndale,138,1,0.72%,23,16.67%,102,73.91%
610369,Network 11,Mahalia Jackson Elementary School,339,0,0.00%,62,18.29%,329,97.05%
610197,Network 6,Mancel Talcott Elementary School,535,180,33.64%,96,17.94%,443,82.80%
609722,Network 5,Manley Career Academy High School,450,0,0.00%,122,27.11%,344,76.44%
609872,Network 7,Manuel Perez Elementary School,349,140,40.11%,37,10.60%,349,100.00%
610128,Network 13,Marcus Moziah Garvey Elementary School,292,0,0.00%,33,11.30%,285,97.60%
610017,Network 7,Maria Saucedo Elementary Scholastic Academy,"1,281",560,43.72%,110,8.59%,"1,236",96.49%
610544,Network 10,Mariano Azuela Elementary School,944,263,27.86%,70,7.42%,854,90.47%
609756,Network 8,Marie Sklodowska Curie Metropolitan High School,"2,982",230,7.71%,310,10.40%,"2,825",94.74%
610502,Military,Marine Military Math and Science Academy,401,11,2.74%,39,9.73%,387,96.51%
610081,Network 6,Mark Sheridan Elementary Math & Science Academy,545,36,6.61%,38,6.97%,301,55.23%
610177,Network 6,Mark Skinner Elementary School,903,33,3.65%,61,6.76%,223,24.70%
610206,Network 10,Mark Twain Elementary School,"1,201",201,16.74%,99,8.24%,"1,052",87.59%
610053,AUSL,Marquette Elementary School,"1,296",442,34.10%,134,10.34%,"1,275",98.38%
610152,Network 12,Martha Ruggles Elementary School,410,0,0.00%,48,11.71%,402,98.05%
610539,Network 3,Marvin Camras Elementary School,"1,001",358,35.76%,112,11.19%,904,90.31%
610355,Network 2,Mary E Courtenay Elementary Language Arts Center,631,139,22.03%,194,30.74%,523,82.88%
610312,Network 12,Mary E McDowell Elementary School,194,0,0.00%,14,7.22%,178,91.75%
610127,Network 1,Mary Gage Peterson Elementary School,860,205,23.84%,81,9.42%,676,78.60%
610046,Network 3,Mary Lyon Elementary School,"1,425",419,29.40%,144,10.11%,"1,349",94.67%
609888,AUSL,Mary Mapes Dodge Elementary Renaissance Academy,248,0,0.00%,23,9.27%,229,92.34%
609935,Network 13,Matthew Gallistel Elementary Language Academy,"1,326",346,26.09%,110,8.30%,"1,271",95.85%
610362,Network 11,Medgar Evers Elementary School,395,0,0.00%,58,14.68%,218,55.19%
609928,AUSL,Melville W Fuller Elementary School,299,0,0.00%,46,15.38%,282,94.31%
610055,Network 5,Michael Faraday Elementary School,347,0,0.00%,50,14.41%,347,100.00%
609832,Network 10,Michael M Byrne Elementary School,671,51,7.60%,90,13.41%,396,59.02%
610244,Network 3,Michele Clark Academic Prep Magnet High School,499,0,0.00%,65,13.03%,490,98.20%
610208,Network 13,Mildred I Lavizzo Elementary School,401,0,0.00%,36,8.98%,392,97.76%
609830,Network 3,Milton Brunson Math & Science Specialty ES,645,13,2.02%,72,11.16%,639,99.07%
610011,Network 2,Minnie Mars Jamieson Elementary School,900,215,23.89%,106,11.78%,656,72.89%
610018,Network 9,Miriam G Canter Middle School,95,1,1.05%,20,21.05%,86,90.53%
609725,OS4,Morgan Park High School,"1,431",1,0.07%,172,12.02%,"1,150",80.36%
610257,AUSL,Morton School of Excellence,412,1,0.24%,36,8.74%,411,99.76%
610075,Network 6,Moses Montefiore Special Elementary School,58,4,6.90%,58,100.00%,57,98.28%
610082,Network 10,Mount Greenwood Elementary School,999,0,0.00%,102,10.21%,227,22.72%
610086,Network 13,Mount Vernon Elementary School,300,0,0.00%,49,16.33%,284,94.67%
610385,Network 7,Multicultural Academy of Scholarship,280,52,18.57%,51,18.21%,276,98.57%
609806,AUSL,Myra Bradwell Communications Arts & Sciences ES,834,2,0.24%,111,13.31%,743,89.09%
400050,Charter,Namaste Charter Elementary School,483,111,22.98%,81,16.77%,408,84.47%
609783,Options,Nancy B Jefferson Alternative High School,252,8,3.17%,73,28.97%,198,78.57%
609960,Network 10,Nathan Hale Elementary School,872,140,16.06%,130,14.91%,683,78.33%
609876,Network 8,Nathan S Davis Elementary School,916,489,53.38%,78,8.52%,907,99.02%
609952,Network 8,Nathanael Greene Elementary School,642,304,47.35%,52,8.10%,615,95.79%
610231,AUSL,National Teachers Elementary Academy,585,4,0.68%,76,12.99%,529,90.43%
609692,Network 11,Neal F Simeon Career Academy High School,"1,467",2,0.14%,133,9.07%,"1,357",92.50%
610284,Network 2,New Field Elementary School,589,359,60.95%,70,11.88%,551,93.55%
609792,Network 1,Newton Bateman Elementary School,"1,036",373,36.00%,120,11.58%,952,91.89%
609730,Network 2,Nicholas Senn High School,"1,162",123,10.59%,129,11.10%,"1,032",88.81%
609793,Network 11,Nicholson Technology Academy,570,0,0.00%,56,9.82%,552,96.84%
609961,Network 12,Ninos Heroes Elementary Academic Center,436,28,6.42%,41,9.40%,425,97.48%
400097,Charter,Noble Street Charter - Chicago Bulls College,"1,079",64,5.93%,138,12.79%,959,88.88%
400156,Charter,Noble Street Charter  Crimson HS,102,0,0.00%,17,16.67%,95,93.14%
400052,Charter,Noble Street Charter - Gary Comer College Prep,950,3,0.32%,133,14.00%,808,85.05%
400053,Charter,Noble Street Charter - Golder College Prep,635,34,5.35%,101,15.91%,565,88.98%
400098,Charter,Noble Street Charter - Muchin College Prep,886,17,1.92%,84,9.48%,752,84.88%
400051,Charter,Noble Street Charter - Noble Street College Prep,602,32,5.32%,75,12.46%,548,91.03%
400054,Charter,Noble Street Charter - Pritzker College Prep,858,55,6.41%,89,10.37%,816,95.10%
400055,Charter,Noble Street Charter - Rauner College Prep,640,21,3.28%,94,14.69%,561,87.66%
400056,Charter,Noble Street Charter - Rowe-Clark Math & Sci Acad,662,16,2.42%,125,18.88%,614,92.75%
400057,Charter,Noble Street Charter - UIC College Prep,851,25,2.94%,87,10.22%,748,87.90%
400157,Charter,Noble Street Charter Orange HS,105,4,3.81%,20,19.05%,100,95.24%
400106,Charter,Noble Street Charter School â€“ Johnson HS,773,3,0.39%,136,17.59%,715,92.50%
400118,Charter,Noble Street Charter School - Purple,431,7,1.62%,72,16.71%,414,96.06%
400117,Charter,Noble Street Charter School - Silver,498,0,0.00%,80,16.06%,427,85.74%
609810,Network 1,Norman A Bridge Elementary School,"1,049",305,29.08%,113,10.77%,782,74.55%
400058,Charter,North Lawndale College Prep Charter - Christiana,425,0,0.00%,61,14.35%,406,95.53%
400059,Charter,North Lawndale College Prep Charter - Collins,422,0,0.00%,47,11.14%,402,95.26%
610354,Network 1,North River Elementary School,403,216,53.60%,65,16.13%,376,93.30%
609691,Network 5,North-Grand High School,910,175,19.23%,159,17.47%,878,96.48%
609749,Network 1,Northside College Preparatory High School,"1,069",6,0.56%,65,6.08%,399,37.32%
609744,Network 1,Northside Learning Center High School,284,114,40.14%,284,100.00%,245,86.27%
610051,Network 3,Northwest Middle School,667,171,25.64%,62,9.30%,652,97.75%
610099,Network 1,Norwood Park Elementary School,367,19,5.18%,65,17.71%,67,18.26%
610529,Network 6,Ogden International High School,784,40,5.10%,102,13.01%,358,45.66%
610201,Network 1,Ole A Thorp Elementary Scholastic Academy,846,88,10.40%,86,10.17%,426,50.35%
610300,Network 11,Oliver S Westcott Elementary School,420,3,0.71%,54,12.86%,412,98.10%
609997,OS4,Oliver Wendell Holmes Elementary School,274,0,0.00%,32,11.68%,239,87.23%
610569,Options,Ombudsman #1,70,1,1.43%,13,18.57%,66,94.29%
610105,Network 1,Oriole Park Elementary School,661,46,6.96%,64,9.68%,129,19.52%
610329,Network 7,Orozco Fine Arts & Sciences Elementary School,616,177,28.73%,57,9.25%,598,97.08%
610389,AUSL,Orr Academy High School,647,20,3.09%,145,22.41%,449,69.40%
609811,Network 13,Orville T Bright Elementary School,290,27,9.31%,82,28.28%,288,99.31%
610367,Network 3,Oscar DePriest Elementary School,723,5,0.69%,118,16.32%,691,95.57%
610059,Network 4,Oscar F Mayer Elementary School,614,8,1.30%,54,8.79%,170,27.69%
610021,AUSL,Pablo Casals Elementary School,468,76,16.24%,66,14.10%,460,98.29%
610115,Network 12,Park Manor Elementary School,355,0,0.00%,25,7.04%,354,99.72%
610116,Network 12,Parkside Elementary Community Academy,295,0,0.00%,34,11.53%,295,100.00%
610557,Options,Pathways in Education,310,6,1.94%,40,12.90%,230,74.19%
610568,Options,Pathways in Education Avondale,161,11,6.83%,21,13.04%,143,88.82%
609988,Network 1,Patrick Henry Elementary School,683,323,47.29%,69,10.10%,665,97.36%
610003,Network 11,Paul Cuffe Math-Science Technology Academy ES,459,0,0.00%,60,13.07%,428,93.25%
609676,Network 9,Paul Laurence Dunbar Career Academy High School,"1,188",4,0.34%,194,16.33%,"1,160",97.64%
610146,Network 12,Paul Revere Elementary School,324,0,0.00%,34,10.49%,322,99.38%
609707,Network 11,Paul Robeson High School,372,0,0.00%,93,25.00%,370,99.46%
610386,Options,Peace & Education Coalition High School,160,11,6.88%,33,20.63%,158,98.75%
609762,OS4,Percy L Julian High School,"1,057",1,0.09%,181,17.12%,"1,014",95.93%
609791,Network 11,Perkins Bass Elementary School,566,2,0.35%,60,10.60%,555,98.06%
400062,Charter,Perspectives Charter - Calumet Technology,494,2,0.40%,78,15.79%,452,91.50%
400066,Charter,Perspectives Charter - IIT Math & Science Academy,586,2,0.34%,104,17.75%,532,90.78%
400064,Charter,Perspectives Charter - Rodney D Joslin,385,7,1.82%,57,14.81%,351,91.17%
400061,Charter,Perspectives Charter Leadership Academy HS,754,0,0.00%,115,15.25%,710,94.16%
610145,Network 1,Peter A Reinberg Elementary School,840,306,36.43%,173,20.60%,745,88.69%
609867,Network 7,Peter Cooper Elementary Dual Language Academy,635,393,61.89%,93,14.65%,621,97.80%
610147,Network 2,Philip Rogers Elementary School,752,239,31.78%,84,11.17%,605,80.45%
609777,Network 6,Phillip D Armour Elementary School,324,90,27.78%,38,11.73%,307,94.75%
610090,Network 9,Phillip Murray Elementary Language Academy,535,3,0.56%,38,7.10%,314,58.69%
609981,Network 10,Phobe Apperson Hearst Elementary School,353,110,31.16%,73,20.68%,346,98.02%
610304,Military,Phoenix Military Academy High School,497,14,2.82%,50,10.06%,479,96.38%
610013,Network 7,Pilsen Elementary Community Academy,439,194,44.19%,119,27.11%,429,97.72%
400068,Contract,Plato Learning Academy Elementary School,475,0,0.00%,49,10.32%,467,98.32%
400069,Charter,Polaris Charter Academy Elementary School,442,0,0.00%,53,11.99%,400,90.50%
610135,Network 1,Portage Park Elementary School,"1,114",133,11.94%,134,12.03%,935,83.93%
400070,Contract,Prologue Early College High School,231,8,3.46%,21,9.09%,201,87.01%
400109,Charter,Prologue-Joshua Johnston Charter School,251,0,0.00%,35,13.94%,227,90.44%
400071,Charter,Providence Englewood Charter - Bunche,471,2,0.42%,40,8.49%,409,86.84%
610138,Network 6,Pulaski International School of Chicago,895,189,21.12%,58,6.48%,740,82.68%
609842,Network 8,Rachel Carson Elementary School,"1,222",620,50.74%,88,7.20%,"1,202",98.36%
609902,Network 13,Ralph H Metcalfe Elementary Community Academy,530,0,0.00%,45,8.49%,423,79.81%
610141,Network 2,Ravenswood Elementary School,508,74,14.57%,58,11.42%,254,50.00%
609769,Network 6,Ray Graham Training Center High School,123,40,32.52%,123,100.00%,107,86.99%
609903,Network 8,Richard Edwards Elementary School,"1,520",728,47.89%,127,8.36%,"1,469",96.64%
610291,Network 10,Richard Henry Lee Elementary School,878,284,32.35%,100,11.39%,838,95.44%
610239,Network 8,Richard J Daley Elementary Academy,709,317,44.71%,55,7.76%,706,99.58%
610102,Network 11,Richard J Oglesby Elementary School,480,0,0.00%,50,10.42%,469,97.71%
610561,Network 6,Richard T Crane Medical Preparatory HS,149,2,1.34%,4,2.68%,129,86.58%
609702,Network 6,Richard T Crane Technical Preparatory HS,162,0,0.00%,41,25.31%,150,92.59%
610234,Network 5,Richard Yates Elementary School,675,236,34.96%,175,25.93%,657,97.33%
609695,Network 2,Roald Amundsen High School,"1,266",133,10.51%,168,13.27%,"1,172",92.58%
610350,Network 12,Robert A Black Magnet Elementary School,474,0,0.00%,29,6.12%,394,83.12%
609929,Network 11,Robert Fulton Elementary School,498,82,16.47%,49,9.84%,492,98.80%
609979,Network 6,Robert Healy Elementary School,"1,418",317,22.36%,87,6.14%,"1,281",90.34%
609956,Network 10,Robert L Grimes Elementary School,477,154,32.29%,43,9.01%,427,89.52%
610391,Network 11,Robert Lindblom Math & Science Academy HS,"1,156",9,0.78%,55,4.76%,798,69.03%
610252,Network 6,Robert Nathaniel Dett Elementary School,470,7,1.49%,129,27.45%,447,95.11%
609759,OS4,Roberto Clemente Community Academy High School,701,75,10.70%,151,21.54%,680,97.00%
610029,Network 6,Rodolfo Lozano Bilingual & International Ctr ES,290,130,44.83%,64,22.07%,158,54.48%
609733,Network 2,Roger C Sullivan High School,708,171,24.15%,163,23.02%,668,94.35%
610091,Network 13,Ronald Brown Elementary Community Academy,292,0,0.00%,48,16.44%,282,96.58%
610282,Network 3,Ronald E McNair Elementary School,382,14,3.66%,83,21.73%,373,97.64%
609826,Network 7,Rosario Castellanos Elementary School,586,134,22.87%,80,13.65%,580,98.98%
610056,Network 5,Roswell B Mason Elementary School,485,1,0.21%,52,10.72%,472,97.32%
400096,Charter,Rowe Elementary School,588,107,18.20%,55,9.35%,515,87.59%
610027,Network 11,Rudyard Kipling Elementary School,402,2,0.50%,62,15.42%,348,86.57%
610250,Network 6,Rueben Salazar Elementary Bilingual Center,405,146,36.05%,56,13.83%,323,79.75%
609995,Network 1,Rufus M Hitch Elementary School,586,128,21.84%,76,12.97%,385,65.70%
609853,Network 4,Salmon P Chase Elementary School,498,212,42.57%,90,18.07%,483,96.99%
609943,Network 13,Samuel Gompers Fine Arts Options ES,526,0,0.00%,82,15.59%,470,89.35%
610558,Network 10,Sarah E. Goode STEM Academy,462,18,3.90%,62,13.42%,401,86.80%
610155,Network 1,Sauganash Elementary School,553,67,12.12%,63,11.39%,171,30.92%
609805,OS4,Scott Joplin Elementary School,484,1,0.21%,68,14.05%,470,97.11%
609968,Network 4,Sharon Christa McAuliffe Elementary School,677,282,41.65%,73,10.78%,656,96.90%
610157,Network 8,Sidney Sawyer Elementary School,"1,837",688,37.45%,115,6.26%,"1,798",97.88%
609750,Options,Simpson Academy High School for Young Women,87,4,4.60%,18,20.69%,67,77.01%
610521,Network 11,Sir Miles Davis Magnet Elementary Academy,336,1,0.30%,33,9.82%,323,96.13%
610534,Network 4,Skinner North,368,3,0.82%,15,4.08%,74,20.11%
610226,Network 8,Socorro Sandoval Elementary School,"1,133",538,47.48%,78,6.88%,"1,109",97.88%
609990,Network 6,South Loop Elementary School,867,55,6.34%,39,4.50%,267,30.80%
610530,Network 12,South Shore Fine Arts Academy,503,2,0.40%,89,17.69%,445,88.47%
610547,Network 12,South Shore Intl College Prep High School,572,2,0.35%,66,11.54%,515,90.03%
609745,Network 11,Southside Occupational Academy High School,228,29,12.72%,228,100.00%,206,90.35%
610183,Network 3,Spencer Technology Academy,864,0,0.00%,103,11.92%,856,99.07%
610357,Network 7,Spry Community Links High School,189,28,14.81%,23,12.17%,186,98.41%
610548,Network 6,STEM Magnet Academy,334,43,12.87%,17,5.09%,166,49.70%
609880,Network 2,Stephen Decatur Classical Elementary School,286,0,0.00%,19,6.64%,32,11.19%
609933,Network 2,Stephen F Gale Elementary Community Academy,462,116,25.11%,72,15.58%,446,96.54%
609976,Network 2,Stephen K Hayt Elementary School,984,377,38.31%,123,12.50%,901,91.57%
609724,Network 2,Stephen T Mather High School,"1,623",310,19.10%,187,11.52%,"1,432",88.23%
610191,Network 2,Stone Elementary Scholastic Academy,634,89,14.04%,69,10.88%,334,52.68%
610405,Network 6,Suder Montessori Magnet ES,417,25,6.00%,37,8.87%,215,51.56%
610249,Network 8,Talman Elementary School,419,188,44.87%,66,15.75%,384,91.65%
610396,AUSL,Tarkington School of Excellence ES,"1,056",360,34.09%,90,8.52%,"1,022",96.78%
610506,Network 11,TEAM Englewood Community Academy High School,407,1,0.25%,72,17.69%,342,84.03%
609921,OS4,Telpochcalli Elementary School,308,135,43.83%,57,18.51%,294,95.45%
400116,Charter,The Montessori School of Englewood Charter,205,0,0.00%,25,12.20%,165,80.49%
609991,AUSL,Theodore Herzl Elementary School,554,2,0.36%,83,14.98%,548,98.92%
609728,Network 1,Theodore Roosevelt High School,"1,437",303,21.09%,227,15.80%,"1,398",97.29%
610178,Network 12,Theophilus Schmid Elementary School,208,0,0.00%,41,19.71%,200,96.15%
609794,Network 1,Thomas A Edison Regional Gifted Center ES,276,2,0.72%,16,5.80%,28,10.14%
609987,Network 9,Thomas A Hendricks Elementary Community Academy,271,4,1.48%,46,16.97%,264,97.42%
609851,AUSL,Thomas Chalmers Specialty Elementary School,406,0,0.00%,59,14.53%,401,98.77%
609896,Network 6,Thomas Drummond Elementary School,349,28,8.02%,36,10.32%,102,29.23%
610002,Network 12,Thomas Hoyne Elementary School,253,0,0.00%,32,12.65%,226,89.33%
610295,Network 13,Thomas J Higgins Elementary Community Academy,410,1,0.24%,42,10.24%,391,95.37%
610220,Network 2,Thomas J Waters Elementary School,670,96,14.33%,51,7.61%,311,46.42%
609715,OS4,Thomas Kelly High School,"2,537",478,18.84%,292,11.51%,"2,364",93.18%
610321,Network 1,Thurgood Marshall Middle School,275,55,20.00%,48,17.45%,266,96.73%
609895,Network 11,Turner-Drew Elementary Language Academy,373,0,0.00%,56,15.01%,312,83.65%
400078,Charter,University of Chicago Charter - Carter G Woodson,372,0,0.00%,38,10.22%,308,82.80%
400075,Charter,University of Chicago Charter - Donoghue,550,1,0.18%,35,6.36%,375,68.18%
400076,Charter,University of Chicago Charter - NKO,340,1,0.29%,20,5.88%,265,77.94%
400077,Charter,University of Chicago Charter - Woodlawn,634,0,0.00%,100,15.77%,533,84.07%
400112,Charter,UNO 51st and Homan Charter Elementary School,573,181,31.59%,38,6.63%,559,97.56%
400081,Charter,UNO Charter - Bartolome de Las Casas,286,102,35.66%,24,8.39%,274,95.80%
400082,Charter,UNO Charter - Carlos Fuentes,576,154,26.74%,42,7.29%,542,94.10%
400120,Charter,UNO Charter - Near West Elementary,576,162,28.13%,44,7.64%,553,96.01%
400083,Charter,UNO Charter - Octavio Paz Campus,429,142,33.10%,36,8.39%,423,98.60%
400121,Charter,UNO Charter - Rogers Park ES,605,195,32.23%,65,10.74%,587,97.02%
400084,Charter,UNO Charter - Rufino Tamayo,288,109,37.85%,27,9.38%,278,96.53%
400101,Charter,UNO Charter - Sandra Cisneros,555,199,35.86%,33,5.95%,542,97.66%
400153,Charter,UNO Charter 15 ES,380,138,36.32%,37,9.74%,356,93.68%
400114,Charter,UNO Charter School - Esmeralda Santiago,278,108,38.85%,35,12.59%,266,95.68%
400085,Charter,UNO Charter School - Major Hector P.Garcia MD Cam,648,60,9.26%,79,12.19%,618,95.37%
400089,Charter,UNO Charter School - Officer Donald J. Marquez,575,205,35.65%,38,6.61%,560,97.39%
400080,Charter,UNO Charter School - PFC Omar E.Torres Campus,636,179,28.14%,51,8.02%,590,92.77%
400079,Charter,UNO Charter School - SPC Daniel Zizumbo Campus,638,126,19.75%,44,6.90%,590,92.48%
400149,Charter,UNO Soccer Academy High School,544,93,17.10%,52,9.56%,526,96.69%
610394,Network 2,Uplift Community High School,354,19,5.37%,79,22.32%,336,94.92%
400086,Charter,Urban Prep Acad for Young Men Charter - Englewood,449,0,0.00%,88,19.60%,372,82.85%
400105,Charter,Urban Prep Academy for Young Men - Bronzeville,502,0,0.00%,79,15.74%,387,77.09%
400102,Charter,Urban Prep Academy for Young Men - West,476,1,0.21%,96,20.17%,422,88.66%
610504,Network 8,Velma F Thomas Early Childhood Center,176,42,23.86%,45,25.57%,162,92.05%
609944,Network 13,Virgil Grissom Elementary School,339,79,23.30%,37,10.91%,241,71.09%
610518,Network 3,VOISE Academy High School,341,3,0.88%,61,17.89%,333,97.65%
610363,Network 2,Walt Disney Magnet Elementary School,"1,678",168,10.01%,129,7.69%,"1,068",63.65%
610095,Network 4,Walter L Newberry Math & Science Academy ES,563,28,4.97%,84,14.92%,351,62.34%
609680,Network 6,Walter Payton College Preparatory High School,819,6,0.73%,52,6.35%,253,30.89%
609955,Network 11,Walter Q Gresham Elementary School,318,1,0.31%,40,12.58%,306,96.23%
609855,Network 8,Walter S Christopher Elementary School,360,147,40.83%,218,60.56%,334,92.78%
610179,Network 1,Washington D Smyser Elementary School,"1,006",198,19.68%,69,6.86%,796,79.13%
610121,Network 6,Washington Irving Elementary School,488,48,9.84%,69,14.14%,441,90.37%
609740,OS4,Wells Community Academy High School,596,56,9.40%,134,22.48%,560,93.96%
610032,Network 11,Wendell E Green Elementary School,302,0,0.00%,44,14.57%,284,94.04%
609727,AUSL,Wendell Phillips Academy High School,670,8,1.19%,136,20.30%,651,97.16%
609978,Network 13,Wendell Smith Elementary School,343,0,0.00%,46,13.41%,330,96.21%
610100,Network 5,West Park Elementary Academy,646,195,30.19%,66,10.22%,635,98.30%
610542,Network 2,West Ridge Elementary School,753,319,42.36%,69,9.16%,681,90.44%
609755,Network 6,Whitney M Young Magnet High School,"2,196",31,1.41%,155,7.06%,890,40.53%
610230,Network 1,Wildwood Elementary School,424,39,9.20%,51,12.03%,74,17.45%
610251,Network 5,Willa Cather Elementary School,451,0,0.00%,65,14.41%,442,98.00%
610299,Network 11,William A Hinton Elementary School,248,0,0.00%,26,10.48%,247,99.60%
610101,Network 6,William B Ogden Elementary School,822,89,10.83%,70,8.52%,135,16.42%
610109,Network 10,William Bishop Owen Scholastic Academy ES,252,1,0.40%,24,9.52%,169,67.06%
609945,Network 2,William C Goudy Elementary School,797,314,39.40%,89,11.17%,739,92.72%
610143,OS4,William C Reavis Math & Science Specialty ES,304,2,0.66%,45,14.80%,294,96.71%
610364,Network 13,William E B Dubois Elementary School,205,2,0.98%,26,12.68%,204,99.51%
609884,Network 1,William E Dever Elementary School,847,221,26.09%,108,12.75%,532,62.81%
609967,Network 7,William F Finkl Elementary School,524,180,34.35%,107,20.42%,521,99.43%
609994,Network 1,William G Hibbard Elementary School,"1,221",507,41.52%,140,11.47%,"1,186",97.13%
609812,OS4,William H Brown Elementary School,224,0,0.00%,54,24.11%,220,98.21%
610136,Network 4,William H Prescott Elementary School,288,58,20.14%,44,15.28%,173,60.07%
610142,Network 9,William H Ray Elementary School,721,70,9.71%,82,11.37%,359,49.79%
610153,Network 11,William H Ryder Math & Science Specialty ES,410,1,0.24%,96,23.41%,400,97.56%
610167,Network 8,William H Seward Communication Arts Academy ES,849,384,45.23%,74,8.72%,843,99.29%
609734,Network 1,William Howard Taft High School,"3,195",193,6.04%,388,12.14%,"1,930",60.41%
609698,OS4,William J Bogan High School,"1,115",83,7.44%,204,18.30%,561,50.31%
610104,Network 1,William J Onahan Elementary School,670,82,12.24%,74,11.04%,249,37.16%
609678,Network 6,William Jones College Preparatory High School,"1,124",23,2.05%,118,10.50%,535,47.60%
610193,Network 12,William K New Sullivan Elementary School,502,54,10.76%,87,17.33%,495,98.61%
609949,Network 1,William P Gray Elementary School,"1,303",338,25.94%,133,10.21%,"1,203",92.33%
610097,Network 4,William P Nixon Elementary School,"1,059",501,47.31%,99,9.35%,"1,047",98.87%
610123,Network 5,William Penn Elementary School,404,33,8.17%,117,28.96%,376,93.07%
609711,Network 11,William Rainey Harper High School,482,1,0.21%,115,23.86%,473,98.13%
610172,AUSL,William T Sherman Elementary School,391,2,0.51%,34,8.70%,388,99.23%
609844,AUSL,William W Carter Elementary School,439,0,0.00%,41,9.34%,392,89.29%
610308,Network 6,Wilma Rudolph Elementary Learning Center,109,49,44.95%,98,89.91%,92,84.40%
610574,Options,Winnie Mandela High School,115,1,0.87%,14,12.17%,104,90.43%
610088,Network 4,Wolfgang A Mozart Elementary School,836,372,44.50%,83,9.93%,822,98.33%
609977,Network 9,Woodlawn Community Elementary School,230,0,0.00%,9,3.91%,220,95.65%
610392,Network 7,World Language Academy High School,353,64,18.13%,47,13.31%,342,96.88%
400123,Charter,YCCS-Academy of Scholastic Achievement HS,198,0,0.00%,26,13.13%,181,91.41%
400124,Charter,YCCS-Ada S. McKinley-Lakeside HS,177,0,0.00%,34,19.21%,164,92.66%
400125,Charter,"YCCS-ASPIRA,Antonia Pantoja Alternative HS",168,17,10.12%,20,11.90%,163,97.02%
400126,Charter,"YCCS-Association House, El Cuarto Ano HS",155,7,4.52%,37,23.87%,143,92.26%
400127,Charter,YCCS-Austin Career Education Center HS,187,0,0.00%,29,15.51%,180,96.26%
400128,Charter,YCCS-CCA Academy HS,190,0,0.00%,35,18.42%,178,93.68%
400129,Charter,YCCS-Charles Hamilton Houston Alternative HS,144,0,0.00%,18,12.50%,144,100.00%
400150,Charter,YCCS-Chatham Academy HS,181,0,0.00%,25,13.81%,172,95.03%
400130,Charter,YCCS-Community Youth Development Institute HS,251,0,0.00%,39,15.54%,247,98.41%
400131,Charter,YCCS-Dr. Pedro Albizu Campos Puerto Rican HS,170,11,6.47%,24,14.12%,162,95.29%
400133,Charter,YCCS-Innovations of Arts Integration HS,303,0,0.00%,47,15.51%,287,94.72%
400134,Charter,YCCS-Jane Addams Alternative HS,219,14,6.39%,20,9.13%,208,94.98%
400135,Charter,YCCS-Latino Youth Alternative HS,199,25,12.56%,26,13.07%,197,98.99%
400136,Charter,YCCS-Olive Harvey Middle College HS,186,0,0.00%,19,10.22%,165,88.71%
400139,Charter,YCCS-Sullivan House Alternative HS,314,0,0.00%,58,18.47%,314,100.00%
400141,Charter,YCCS-Truman Middle College HS,212,4,1.89%,35,16.51%,178,83.96%
400142,Charter,YCCS-Virtual HS,172,1,0.58%,24,13.95%,151,87.79%
400143,Charter,YCCS-West Town Academy Alternative HS,155,3,1.94%,32,20.65%,148,95.48%
400144,Charter,YCCS-Westside Holistic Leadership Academy HS,185,3,1.62%,35,18.92%,179,96.76%
400145,Charter,YCCS-Youth Connection Leadership Academy HS,250,0,0.00%,45,18.00%,246,98.40%
400087,Charter,Young Women's Leadership Charter High School,331,1,0.30%,46,13.90%,285,86.10%
,,,,,,,,,
District Totals,,,"400,545","65,274",16.30%,"50,469",12.60%,"340,468",85.00%